{"global_step": 4999, "_timestamp": 1660823912.982182, "rpn/num_pos_anchors": 20.0, "rpn/num_neg_anchors": 236.0, "roi_head/num_fg_samples": 44.25, "roi_head/num_bg_samples": 211.75, "fast_rcnn/cls_accuracy": 0.95751953125, "fast_rcnn/fg_cls_accuracy": 0.8426767587661743, "fast_rcnn/false_negative": 0.12523190677165985, "data_time": 0.007965689525008202, "total_loss": 0.36180663108825684, "loss_cls": 0.1145552396774292, "loss_box_reg": 0.2198130190372467, "loss_rpn_cls": 0.011772391386330128, "loss_rpn_loc": 0.020244598388671875, "lr": 9.402771616873196e-11, "time": 1.4099318981170654, "eta_seconds": 0.0, "_runtime": 23312, "_step": 249, "bbox/AP": 26.313005447387695, "bbox/AP50": 46.206546783447266, "bbox/AP75": 24.967350006103516, "bbox/APs": 6.881466388702393, "bbox/APm": 25.99509620666504, "bbox/APl": 48.888275146484375, "bbox/AP-person": 22.472028732299805, "bbox/AP-bicycle": 4.458057403564453, "bbox/AP-car": 53.037071228027344, "bbox/AP-motorcycle": 17.67630958557129, "bbox/AP-special vehicle": 3.282914638519287, "bbox/AP-bus": 45.48324966430664, "bbox/AP--": null, "bbox/AP-truck": 47.53141784667969, "bbox/AP-traffic sign": 27.53421401977539, "bbox/AP-traffic light": 15.341777801513672}