{"global_step": 4999, "_timestamp": 1659592046.65201, "rpn/num_pos_anchors": 60.875, "rpn/num_neg_anchors": 195.125, "roi_head/num_fg_samples": 58.5, "roi_head/num_bg_samples": 197.5, "fast_rcnn/cls_accuracy": 0.9326171875, "fast_rcnn/fg_cls_accuracy": 0.8062112331390381, "fast_rcnn/false_negative": 0.15137512981891632, "data_time": 0.007745013572275639, "total_loss": 0.6403769850730896, "loss_cls": 0.18871000409126282, "loss_box_reg": 0.3017037510871887, "loss_rpn_cls": 0.02569793537259102, "loss_rpn_loc": 0.12748706340789795, "lr": 7.469316137820314e-11, "time": 0.8755550980567932, "eta_seconds": 0.0, "_runtime": 7697, "_step": 249, "bbox/AP": 30.02950668334961, "bbox/AP50": 49.468711853027344, "bbox/AP75": 30.564722061157227, "bbox/APs": 11.999625205993652, "bbox/APm": 29.419612884521484, "bbox/APl": 48.82331848144531, "bbox/AP-person": 28.490629196166992, "bbox/AP-bicycle": 1.8811088800430298, "bbox/AP-car": 61.67476272583008, "bbox/AP-motorcycle": 16.017690658569336, "bbox/AP-special vehicle": 0.0, "bbox/AP-bus": 49.606571197509766, "bbox/AP--": null, "bbox/AP-truck": 53.478885650634766, "bbox/AP-traffic sign": 37.37561798095703, "bbox/AP-traffic light": 21.74028968811035}