{"global_step": 4999, "_timestamp": 1660419237.4771502, "rpn/num_pos_anchors": 66.375, "rpn/num_neg_anchors": 189.625, "roi_head/num_fg_samples": 54.125, "roi_head/num_bg_samples": 201.875, "fast_rcnn/cls_accuracy": 0.92041015625, "fast_rcnn/fg_cls_accuracy": 0.7398697137832642, "fast_rcnn/false_negative": 0.2303430140018463, "data_time": 0.007799391634762287, "total_loss": 0.7237266898155212, "loss_cls": 0.20375190675258636, "loss_box_reg": 0.3323490619659424, "loss_rpn_cls": 0.03099358081817627, "loss_rpn_loc": 0.13057537376880646, "lr": 7.321272060822892e-11, "time": 0.8809667825698853, "eta_seconds": 0.0, "_runtime": 10589, "_step": 249, "bbox/AP": 27.297983169555664, "bbox/AP50": 46.37251663208008, "bbox/AP75": 27.203392028808594, "bbox/APs": 11.013641357421875, "bbox/APm": 27.69949722290039, "bbox/APl": 45.02911376953125, "bbox/AP-person": 24.934062957763672, "bbox/AP-bicycle": 1.3767426013946533, "bbox/AP-car": 57.876380920410156, "bbox/AP-motorcycle": 15.232108116149902, "bbox/AP-special vehicle": 0.0, "bbox/AP-bus": 44.3183708190918, "bbox/AP--": null, "bbox/AP-truck": 49.191802978515625, "bbox/AP-traffic sign": 33.662384033203125, "bbox/AP-traffic light": 19.08998680114746}