{"global_step": 3999, "_timestamp": 1660017736.1133804, "rpn/num_pos_anchors": 16.875, "rpn/num_neg_anchors": 239.125, "roi_head/num_fg_samples": 45.375, "roi_head/num_bg_samples": 210.625, "fast_rcnn/cls_accuracy": 0.94140625, "fast_rcnn/fg_cls_accuracy": 0.7060439586639404, "fast_rcnn/false_negative": 0.26912423968315125, "data_time": 0.007676629349589348, "total_loss": 0.599661648273468, "loss_cls": 0.2100757658481598, "loss_box_reg": 0.3452167212963104, "loss_rpn_cls": 0.02181590162217617, "loss_rpn_loc": 0.021328886970877647, "lr": 2.1594128156721126e-06, "time": 2.049377918243408, "eta_seconds": 2050.603759765625, "_runtime": 10508, "_step": 199, "bbox/AP": 12.956999778747559, "bbox/AP50": 24.490028381347656, "bbox/AP75": 11.300494194030762, "bbox/APs": 2.2985687255859375, "bbox/APm": 10.21785831451416, "bbox/APl": 21.829774856567383, "bbox/AP-person": 7.987206935882568, "bbox/AP-bicycle": 0.0, "bbox/AP-car": 51.536773681640625, "bbox/AP-motorcycle": 0.005940594244748354, "bbox/AP-special vehicle": 0.0, "bbox/AP-bus": 14.801691055297852, "bbox/AP--": null, "bbox/AP-truck": 30.49089241027832, "bbox/AP-traffic sign": 11.703035354614258, "bbox/AP-traffic light": 0.08745525777339935}