{"global_step": 79, "_timestamp": 1659934335.2807515, "rpn/num_pos_anchors": 25.25, "rpn/num_neg_anchors": 230.75, "roi_head/num_fg_samples": 48.375, "roi_head/num_bg_samples": 207.625, "fast_rcnn/cls_accuracy": 0.81103515625, "fast_rcnn/fg_cls_accuracy": 0.0, "fast_rcnn/false_negative": 1.0, "data_time": 0.00782443955540657, "total_loss": 1.3692940473556519, "loss_cls": 0.6928910613059998, "loss_box_reg": 0.5936670899391174, "loss_rpn_cls": 0.03683013096451759, "loss_rpn_loc": 0.027462413534522057, "lr": 6.7071923695039e-05, "time": 1.4093348979949951, "eta_seconds": 6799.998046875, "_runtime": 134, "_step": 3}