{"global_step": 4999, "_timestamp": 1661319739.1692462, "rpn/num_pos_anchors": 62.25, "rpn/num_neg_anchors": 193.75, "roi_head/num_fg_samples": 56.75, "roi_head/num_bg_samples": 199.25, "fast_rcnn/cls_accuracy": 0.93701171875, "fast_rcnn/fg_cls_accuracy": 0.7932096719741821, "fast_rcnn/false_negative": 0.18017011880874634, "data_time": 0.007598850876092911, "total_loss": 0.6324922442436218, "loss_cls": 0.17245501279830933, "loss_box_reg": 0.3091484606266022, "loss_rpn_cls": 0.02270759642124176, "loss_rpn_loc": 0.09922534972429276, "lr": 9.402771616873196e-11, "time": 0.8705421090126038, "eta_seconds": 0.0, "_runtime": 10431, "_step": 249, "bbox/AP": 28.103404998779297, "bbox/AP50": 47.3948974609375, "bbox/AP75": 28.010162353515625, "bbox/APs": 11.212368965148926, "bbox/APm": 27.750272750854492, "bbox/APl": 46.64533615112305, "bbox/AP-person": 25.769424438476562, "bbox/AP-bicycle": 2.152507781982422, "bbox/AP-car": 58.44347381591797, "bbox/AP-motorcycle": 14.517082214355469, "bbox/AP-special vehicle": 4.692934989929199, "bbox/AP-bus": 44.52436828613281, "bbox/AP--": null, "bbox/AP-truck": 50.43315887451172, "bbox/AP-traffic sign": 34.04594421386719, "bbox/AP-traffic light": 18.35175132751465}