{"global_step": 4999, "_timestamp": 1660406948.973251, "rpn/num_pos_anchors": 17.75, "rpn/num_neg_anchors": 238.25, "roi_head/num_fg_samples": 45.875, "roi_head/num_bg_samples": 210.125, "fast_rcnn/cls_accuracy": 0.9560546875, "fast_rcnn/fg_cls_accuracy": 0.8312482237815857, "fast_rcnn/false_negative": 0.12291405349969864, "data_time": 0.007770725060254335, "total_loss": 0.3860761225223541, "loss_cls": 0.11482223123311996, "loss_box_reg": 0.2252083271741867, "loss_rpn_cls": 0.010109338909387589, "loss_rpn_loc": 0.02455424703657627, "lr": 7.321272060822892e-11, "time": 2.0419678688049316, "eta_seconds": 0.0, "_runtime": 20341, "_step": 249, "bbox/AP": 24.354063034057617, "bbox/AP50": 43.09144592285156, "bbox/AP75": 23.439407348632812, "bbox/APs": 6.164965629577637, "bbox/APm": 24.32988739013672, "bbox/APl": 46.20463180541992, "bbox/AP-person": 20.96508026123047, "bbox/AP-bicycle": 2.1047749519348145, "bbox/AP-car": 51.57646179199219, "bbox/AP-motorcycle": 15.247905731201172, "bbox/AP-special vehicle": 1.5332390069961548, "bbox/AP-bus": 42.784481048583984, "bbox/AP--": null, "bbox/AP-truck": 45.45930862426758, "bbox/AP-traffic sign": 26.25150489807129, "bbox/AP-traffic light": 13.263806343078613}