{"global_step": 4999, "_timestamp": 1661416943.782731, "rpn/num_pos_anchors": 54.75, "rpn/num_neg_anchors": 201.25, "data_time": 0.003913260996341705, "total_loss": 0.14949852228164673, "loss_rpn_cls": 0.036248840391635895, "loss_rpn_loc": 0.09958301484584808, "lr": 7.744678509613578e-11, "time": 0.3113998770713806, "eta_seconds": 0.0, "_runtime": 15248, "_step": 249, "box_proposals/AR@100": 45.30836868286133, "box_proposals/ARs@100": 29.235309600830078, "box_proposals/ARm@100": 47.44818878173828, "box_proposals/ARl@100": 70.10074615478516, "box_proposals/AR@1000": 53.51679229736328, "box_proposals/ARs@1000": 36.365562438964844, "box_proposals/ARm@1000": 57.59168243408203, "box_proposals/ARl@1000": 76.32091522216797}