{"global_step": 4999, "_timestamp": 1661446997.8983068, "rpn/num_pos_anchors": 59.875, "rpn/num_neg_anchors": 196.125, "data_time": 0.007968239486217499, "total_loss": 0.15160222351551056, "loss_rpn_cls": 0.031230272725224495, "loss_rpn_loc": 0.12446817755699158, "lr": 7.744678509613578e-11, "time": 0.5660330653190613, "eta_seconds": 0.0, "_runtime": 16567, "_step": 249, "box_proposals/AR@100": 45.208492279052734, "box_proposals/ARs@100": 29.236188888549805, "box_proposals/ARm@100": 47.34593200683594, "box_proposals/ARl@100": 69.827392578125, "box_proposals/AR@1000": 53.609310150146484, "box_proposals/ARs@1000": 36.50714874267578, "box_proposals/ARm@1000": 57.62494659423828, "box_proposals/ARl@1000": 76.44783782958984}