{"global_step": 4999, "_timestamp": 1659439830.043923, "rpn/num_pos_anchors": 18.875, "rpn/num_neg_anchors": 237.125, "roi_head/num_fg_samples": 49.125, "roi_head/num_bg_samples": 206.875, "fast_rcnn/cls_accuracy": 0.95947265625, "fast_rcnn/fg_cls_accuracy": 0.8725791573524475, "fast_rcnn/false_negative": 0.09459283947944641, "data_time": 0.007662610150873661, "total_loss": 0.3907538056373596, "loss_cls": 0.11629822105169296, "loss_box_reg": 0.24075818061828613, "loss_rpn_cls": 0.011882222257554531, "loss_rpn_loc": 0.020126495510339737, "lr": 7.321272060822892e-11, "time": 1.4039751291275024, "eta_seconds": 0.0, "_runtime": 15690, "_step": 249, "bbox/AP": 27.74993324279785, "bbox/AP50": 46.512847900390625, "bbox/AP75": 26.95903205871582, "bbox/APs": 7.1367950439453125, "bbox/APm": 26.466663360595703, "bbox/APl": 49.75391387939453, "bbox/AP-person": 23.23429298400879, "bbox/AP-bicycle": 2.2478127479553223, "bbox/AP-car": 57.30035400390625, "bbox/AP-motorcycle": 15.373913764953613, "bbox/AP-special vehicle": 3.617304801940918, "bbox/AP-bus": 50.448585510253906, "bbox/AP--": null, "bbox/AP-truck": 51.269039154052734, "bbox/AP-traffic sign": 30.49554443359375, "bbox/AP-traffic light": 15.76256275177002}