{"global_step": 4999, "_timestamp": 1659634882.0683053, "rpn/num_pos_anchors": 53.75, "rpn/num_neg_anchors": 202.25, "data_time": 0.00804983265697956, "total_loss": 0.1474066972732544, "loss_rpn_cls": 0.03295357525348663, "loss_rpn_loc": 0.11587895452976227, "lr": 8.151306019055227e-11, "time": 0.5684426426887512, "eta_seconds": 0.0, "_runtime": 10072, "_step": 249, "box_proposals/AR@100": 49.510921478271484, "box_proposals/ARs@100": 31.398948669433594, "box_proposals/ARm@100": 50.72899627685547, "box_proposals/ARl@100": 71.86673736572266, "box_proposals/AR@1000": 57.325340270996094, "box_proposals/ARs@1000": 38.60871505737305, "box_proposals/ARm@1000": 60.29658508300781, "box_proposals/ARl@1000": 77.32256317138672}