{"global_step": 1499, "_timestamp": 1660364323.918946, "rpn/num_pos_anchors": 23.25, "rpn/num_neg_anchors": 232.75, "roi_head/num_fg_samples": 16.0, "roi_head/num_bg_samples": 48.0, "fast_rcnn/cls_accuracy": 0.91015625, "fast_rcnn/fg_cls_accuracy": 0.765625, "fast_rcnn/false_negative": 0.19374999403953552, "data_time": 0.004180458374321461, "total_loss": 0.7030407190322876, "loss_cls": 0.24757276475429535, "loss_box_reg": 0.3929314911365509, "loss_rpn_cls": 0.01768994703888893, "loss_rpn_loc": 0.029338981956243515, "lr": 6.261713370037114e-10, "time": 1.113582968711853, "eta_seconds": 0.0, "_runtime": 3900, "_step": 74, "bbox/AP": 11.796191215515137, "bbox/AP50": 22.91685676574707, "bbox/AP75": 10.300504684448242, "bbox/APs": 2.28129506111145, "bbox/APm": 11.052391052246094, "bbox/APl": 22.695852279663086, "bbox/AP-person": 6.601959228515625, "bbox/AP-bicycle": 0.0, "bbox/AP-car": 43.87385177612305, "bbox/AP-motorcycle": 0.0, "bbox/AP-special vehicle": 0.0, "bbox/AP-bus": 11.18645191192627, "bbox/AP--": null, "bbox/AP-truck": 32.18299865722656, "bbox/AP-traffic sign": 10.890480995178223, "bbox/AP-traffic light": 1.429982304573059}