{"global_step": 4999, "_timestamp": 1660466720.9103413, "rpn/num_pos_anchors": 80.5, "rpn/num_neg_anchors": 175.5, "data_time": 0.003925187513232231, "total_loss": 0.1728050857782364, "loss_rpn_cls": 0.03856341168284416, "loss_rpn_loc": 0.13449019193649292, "lr": 7.744678509613578e-11, "time": 0.30704987049102783, "eta_seconds": 0.0, "_runtime": 15047, "_step": 249, "box_proposals/AR@100": 45.3055305480957, "box_proposals/ARs@100": 29.95090103149414, "box_proposals/ARm@100": 47.24470138549805, "box_proposals/ARl@100": 69.20832061767578, "box_proposals/AR@1000": 53.81962203979492, "box_proposals/ARs@1000": 37.11410903930664, "box_proposals/ARm@1000": 57.719505310058594, "box_proposals/ARl@1000": 76.17436981201172}