{"global_step": 4999, "_timestamp": 1659945938.537609, "rpn/num_pos_anchors": 23.75, "rpn/num_neg_anchors": 232.25, "roi_head/num_fg_samples": 54.75, "roi_head/num_bg_samples": 201.25, "fast_rcnn/cls_accuracy": 0.9697265625, "fast_rcnn/fg_cls_accuracy": 0.9068933129310608, "fast_rcnn/false_negative": 0.078125, "data_time": 0.00810924917459488, "total_loss": 0.3205714821815491, "loss_cls": 0.08379826694726944, "loss_box_reg": 0.2063445746898651, "loss_rpn_cls": 0.008463721722364426, "loss_rpn_loc": 0.020363252609968185, "lr": 9.146162299744631e-11, "time": 1.3943818807601929, "eta_seconds": 0.0, "_runtime": 10963, "_step": 249, "bbox/AP": 31.789819717407227, "bbox/AP50": 50.579856872558594, "bbox/AP75": 32.35222244262695, "bbox/APs": 7.970874309539795, "bbox/APm": 29.1489200592041, "bbox/APl": 55.00075912475586, "bbox/AP-person": 35.18711471557617, "bbox/AP-bicycle": 4.373225212097168, "bbox/AP-car": 60.46099090576172, "bbox/AP-motorcycle": 19.89434242248535, "bbox/AP-special vehicle": 0.0, "bbox/AP-bus": 56.17842483520508, "bbox/AP--": null, "bbox/AP-truck": 58.40293884277344, "bbox/AP-traffic sign": 35.765995025634766, "bbox/AP-traffic light": 15.845354080200195}