{"global_step": 4999, "_timestamp": 1660030658.2208729, "rpn/num_pos_anchors": 19.125, "rpn/num_neg_anchors": 236.875, "roi_head/num_fg_samples": 45.875, "roi_head/num_bg_samples": 210.125, "fast_rcnn/cls_accuracy": 0.96630859375, "fast_rcnn/fg_cls_accuracy": 0.8895497918128967, "fast_rcnn/false_negative": 0.09541869163513184, "data_time": 0.008083080872893333, "total_loss": 0.35387930274009705, "loss_cls": 0.09896185249090195, "loss_box_reg": 0.20783455669879913, "loss_rpn_cls": 0.009187668561935425, "loss_rpn_loc": 0.019897818565368652, "lr": 9.706755538241296e-11, "time": 2.0416221618652344, "eta_seconds": 0.0, "_runtime": 12846, "_step": 249, "bbox/AP": 30.147586822509766, "bbox/AP50": 49.290061950683594, "bbox/AP75": 30.48080825805664, "bbox/APs": 6.972609043121338, "bbox/APm": 28.824161529541016, "bbox/APl": 50.97928237915039, "bbox/AP-person": 33.05175018310547, "bbox/AP-bicycle": 3.358274459838867, "bbox/AP-car": 59.98645782470703, "bbox/AP-motorcycle": 16.453901290893555, "bbox/AP-special vehicle": 0.0, "bbox/AP-bus": 51.56034851074219, "bbox/AP--": null, "bbox/AP-truck": 56.858489990234375, "bbox/AP-traffic sign": 34.234622955322266, "bbox/AP-traffic light": 15.824427604675293}