{"global_step": 4999, "_timestamp": 1661244890.8552709, "rpn/num_pos_anchors": 26.75, "rpn/num_neg_anchors": 229.25, "roi_head/num_fg_samples": 53.375, "roi_head/num_bg_samples": 202.625, "fast_rcnn/cls_accuracy": 0.9619140625, "fast_rcnn/fg_cls_accuracy": 0.8749665021896362, "fast_rcnn/false_negative": 0.10402198880910873, "data_time": 0.008091487921774387, "total_loss": 0.358186811208725, "loss_cls": 0.10692707449197769, "loss_box_reg": 0.22402353584766388, "loss_rpn_cls": 0.00962598156183958, "loss_rpn_loc": 0.02040022984147072, "lr": 9.402771616873196e-11, "time": 2.0537965297698975, "eta_seconds": 0.0, "_runtime": 20309, "_step": 249, "bbox/AP": 24.890335083007812, "bbox/AP50": 43.368873596191406, "bbox/AP75": 24.046037673950195, "bbox/APs": 6.3671393394470215, "bbox/APm": 24.614286422729492, "bbox/APl": 46.89509201049805, "bbox/AP-person": 21.582626342773438, "bbox/AP-bicycle": 2.0205349922180176, "bbox/AP-car": 52.86532974243164, "bbox/AP-motorcycle": 16.041152954101562, "bbox/AP-special vehicle": 2.080665349960327, "bbox/AP-bus": 42.35810470581055, "bbox/AP--": null, "bbox/AP-truck": 46.647605895996094, "bbox/AP-traffic sign": 27.116546630859375, "bbox/AP-traffic light": 13.300454139709473}