{"global_step": 4999, "_timestamp": 1661344172.8172843, "rpn/num_pos_anchors": 67.625, "rpn/num_neg_anchors": 188.375, "data_time": 0.008223204873502254, "total_loss": 0.17108449339866638, "loss_rpn_cls": 0.04164537414908409, "loss_rpn_loc": 0.12947826087474823, "lr": 1.7735679244679226e-11, "time": 0.5703403353691101, "eta_seconds": 0.0, "_runtime": 16574, "_step": 249, "box_proposals/AR@100": 42.43210983276367, "box_proposals/ARs@100": 26.925981521606445, "box_proposals/ARm@100": 44.382415771484375, "box_proposals/ARl@100": 66.58342742919922, "box_proposals/AR@1000": 51.60509490966797, "box_proposals/ARs@1000": 34.24025344848633, "box_proposals/ARm@1000": 55.56169128417969, "box_proposals/ARl@1000": 75.0370864868164}