{"global_step": 4999, "_timestamp": 1660314814.35048, "rpn/num_pos_anchors": 12.5, "rpn/num_neg_anchors": 243.5, "roi_head/num_fg_samples": 38.25, "roi_head/num_bg_samples": 217.75, "fast_rcnn/cls_accuracy": 0.953125, "fast_rcnn/fg_cls_accuracy": 0.8179687261581421, "fast_rcnn/false_negative": 0.13118278980255127, "data_time": 0.00406297855079174, "total_loss": 0.46346229314804077, "loss_cls": 0.15146340429782867, "loss_box_reg": 0.2515435516834259, "loss_rpn_cls": 0.016689112409949303, "loss_rpn_loc": 0.02939101681113243, "lr": 9.402771963817891e-12, "time": 0.7143195271492004, "eta_seconds": 0.0, "_runtime": 19643, "_step": 249, "bbox/AP": 17.587543487548828, "bbox/AP50": 31.86641502380371, "bbox/AP75": 16.874103546142578, "bbox/APs": 3.920318603515625, "bbox/APm": 16.476110458374023, "bbox/APl": 33.609859466552734, "bbox/AP-person": 11.806109428405762, "bbox/AP-bicycle": 0.3478637933731079, "bbox/AP-car": 48.9251823425293, "bbox/AP-motorcycle": 2.5556578636169434, "bbox/AP-special vehicle": 0.0, "bbox/AP-bus": 31.708721160888672, "bbox/AP--": null, "bbox/AP-truck": 37.98355484008789, "bbox/AP-traffic sign": 18.07700538635254, "bbox/AP-traffic light": 6.883786678314209}