{"global_step": 4999, "_timestamp": 1659513136.0221128, "rpn/num_pos_anchors": 20.625, "rpn/num_neg_anchors": 235.375, "roi_head/num_fg_samples": 49.0, "roi_head/num_bg_samples": 207.0, "fast_rcnn/cls_accuracy": 0.96240234375, "fast_rcnn/fg_cls_accuracy": 0.8751885294914246, "fast_rcnn/false_negative": 0.09589841216802597, "data_time": 0.008130858652293682, "total_loss": 0.38723519444465637, "loss_cls": 0.11320728808641434, "loss_box_reg": 0.2331480234861374, "loss_rpn_cls": 0.01174958236515522, "loss_rpn_loc": 0.023049045354127884, "lr": 6.707383259918487e-11, "time": 2.049409866333008, "eta_seconds": 0.0, "_runtime": 15647, "_step": 249, "bbox/AP": 27.150287628173828, "bbox/AP50": 45.6301383972168, "bbox/AP75": 27.136762619018555, "bbox/APs": 6.857841491699219, "bbox/APm": 25.72276496887207, "bbox/APl": 48.83195495605469, "bbox/AP-person": 24.01922035217285, "bbox/AP-bicycle": 1.337032675743103, "bbox/AP-car": 56.41989517211914, "bbox/AP-motorcycle": 16.098520278930664, "bbox/AP-special vehicle": 0.8910890817642212, "bbox/AP-bus": 50.326602935791016, "bbox/AP--": null, "bbox/AP-truck": 50.59419250488281, "bbox/AP-traffic sign": 29.881790161132812, "bbox/AP-traffic light": 14.78424072265625}