{"global_step": 4999, "_timestamp": 1661169379.1586483, "rpn/num_pos_anchors": 15.375, "rpn/num_neg_anchors": 240.625, "roi_head/num_fg_samples": 43.625, "roi_head/num_bg_samples": 212.375, "fast_rcnn/cls_accuracy": 0.97607421875, "fast_rcnn/fg_cls_accuracy": 0.9216806888580322, "fast_rcnn/false_negative": 0.059150658547878265, "data_time": 0.007849305868148804, "total_loss": 0.3027852475643158, "loss_cls": 0.08307194709777832, "loss_box_reg": 0.18063762784004211, "loss_rpn_cls": 0.008681808598339558, "loss_rpn_loc": 0.016286097466945648, "lr": 9.402771616873196e-11, "time": 1.3803359270095825, "eta_seconds": 0.0, "_runtime": 22975, "_step": 249, "bbox/AP": 25.6621036529541, "bbox/AP50": 44.434574127197266, "bbox/AP75": 24.679889678955078, "bbox/APs": 6.6100382804870605, "bbox/APm": 25.359180450439453, "bbox/APl": 47.8298454284668, "bbox/AP-person": 22.70863151550293, "bbox/AP-bicycle": 2.9402225017547607, "bbox/AP-car": 53.32989501953125, "bbox/AP-motorcycle": 16.475128173828125, "bbox/AP-special vehicle": 1.3943893909454346, "bbox/AP-bus": 45.05306625366211, "bbox/AP--": null, "bbox/AP-truck": 47.6462287902832, "bbox/AP-traffic sign": 27.26844596862793, "bbox/AP-traffic light": 14.142926216125488}